"","zipcode","sum.sale.dollars.","population","perCapitaSales"
"1",50002,43108,1364,31.6041055718475
"2",50003,306111,6893,44.4089656172929
"3",50006,93956,1524,61.6509186351706
"4",50009,2212755,18600,118.965322580645
"5",50010,6823228,32111,212.488804459531
"6",50014,501822,29725,16.8821530698066
"7",50020,69026,1198,57.6176961602671
"8",50021,3168557,24993,126.777777777778
"9",50022,1012777,8148,124.297619047619
"10",50023,1425776,33001,43.2040241204812
"11",50025,128960,3107,41.5062761506276
"12",50028,31418,1499,20.9593062041361
"13",50033,36263,41,884.463414634146
"14",50035,82743,6562,12.6094178604084
"15",50036,1216408,16251,74.8512706910344
"16",50044,14756,1088,13.5625
"17",50046,25233,1401,18.0107066381156
"18",50047,84526,5931,14.2515596020907
"19",50048,25446,784,32.4566326530612
"20",50049,369919,6604,56.0143852210781
"21",50054,115358,2908,39.6691884456671
"22",50056,39066,1459,26.7758738862234
"23",50058,62558,2107,29.6905552918842
"24",50060,94007,2512,37.4231687898089
"25",50061,14610,1599,9.13696060037523
"26",50069,73036,1151,63.4543874891399
"27",50071,19936,909,21.9317931793179
"28",50072,19367,2468,7.84724473257699
"29",50075,50688,851,59.5628672150411
"30",50076,31792,1591,19.9824010056568
"31",50107,20096,1116,18.0071684587814
"32",50109,25701,2826,9.09447983014862
"33",50111,1078963,12346,87.3937307630002
"34",50112,965345,11532,83.7101109954908
"35",50115,81074,2791,29.0483697599427
"36",50122,41272,1462,28.2298221614227
"37",50123,7652,688,11.1220930232558
"38",50124,75758,3864,19.6061076604555
"39",50125,1475981,19792,74.5746261115602
"40",50126,826140,6879,120.095944177933
"41",50129,359466,4933,72.8696533549564
"42",50130,28802,1661,17.3401565322095
"43",50131,1236256,19683,62.8083117410964
"44",50135,34523,1770,19.5045197740113
"45",50138,796630,11324,70.3488166725539
"46",50140,71191,3191,22.3099341899091
"47",50142,61304,988,62.0485829959514
"48",50144,94188,2703,34.8457269700333
"49",50150,7415,928,7.99030172413793
"50",50156,78900,4268,18.4864104967198
"51",50158,2729343,31273,87.2747417900425
"52",50160,11368,452,25.1504424778761
"53",50161,31442,1738,18.0909090909091
"54",50162,8616,1297,6.64302235929067
"55",50163,126549,723,175.033195020747
"56",50169,5058,3259,1.55200981896287
"57",50170,61108,2623,23.2969881814716
"58",50171,234189,2753,85.0668361787141
"59",50174,1572,1403,1.12045616535994
"60",50201,407842,8432,48.3683586337761
"61",50207,14368,2466,5.8264395782644
"62",50208,1450338,20545,70.5932343635921
"63",50210,31585,1633,19.3417023882425
"64",50211,453957,12282,36.9611626770884
"65",50212,77266,3194,24.1909830932999
"66",50213,564496,6877,82.0846299258397
"67",50216,172305,2548,67.6236263736264
"68",50219,868679,13802,62.9386320823069
"69",50220,528510,9140,57.8238512035011
"70",50225,62987,2895,21.7571675302245
"71",50226,190399,5919,32.1674269302247
"72",50228,22182,2673,8.29854096520763
"73",50237,4273,3413,1.25197773220041
"74",50240,18797,2875,6.53808695652174
"75",50244,43410,1923,22.5741029641186
"76",50247,51555,2199,23.4447476125512
"77",50248,157223,4506,34.8919218819352
"78",50249,42077,1154,36.4618717504333
"79",50250,171325,2349,72.9352916134525
"80",50251,14403,1322,10.8948562783661
"81",50261,18148,2487,7.29714515480499
"82",50263,1203589,20205,59.568869091809
"83",50265,3908823,31754,123.097027146186
"84",50266,5930103,27651,214.462514918086
"85",50273,576401,8342,69.0962598897147
"86",50276,28494,3151,9.04284354173278
"87",50309,263080,5912,44.4993234100135
"88",50310,1956256,32300,60.5652012383901
"89",50311,5849136,15460,378.339974126779
"90",50312,1326605,15713,84.4272258639343
"91",50313,544032,18300,29.7285245901639
"92",50314,9584716,12102,791.994381094034
"93",50315,2522795,35577,70.9108412738567
"94",50316,1285334,17443,73.6876684056642
"95",50317,3432596,37148,92.4032518574351
"96",50320,9539119,21603,441.564551219738
"97",50321,1591232,9007,176.666148551127
"98",50322,2869344,31168,92.0605749486653
"99",50323,83314,12678,6.5715412525635
"100",50324,58978,4980,11.8429718875502
"101",50325,732924,16937,43.2735431304245
"102",50327,176469,11156,15.8183040516314
"103",50401,3752779,29216,128.44944550931
"104",50421,258406,3336,77.4598321342926
"105",50423,113067,2789,40.540337038365
"106",50424,60520,1414,42.8005657708628
"107",50428,1638256,9424,173.838709677419
"108",50430,11037,440,25.0840909090909
"109",50435,136368,702,194.25641025641
"110",50436,516359,5984,86.2899398395722
"111",50438,155221,3964,39.1576690211907
"112",50441,452687,5537,81.756727469749
"113",50450,111630,2646,42.18820861678
"114",50452,8285,810,10.2283950617284
"115",50456,10904,1888,5.77542372881356
"116",50458,26940,2102,12.8163653663178
"117",50459,207552,2683,77.3581811405143
"118",50461,243742,5684,42.8821252638987
"119",50466,27143,1723,15.7533372025537
"120",50469,91209,1612,56.5812655086849
"121",50472,164320,2216,74.1516245487365
"122",50475,24107,1885,12.7888594164456
"123",50483,226448,647,349.996908809892
"124",50501,3256355,28015,116.236123505265
"125",50510,1710,1004,1.70318725099602
"126",50511,948866,7184,132.080456570156
"127",50514,46065,1427,32.281009110021
"128",50517,302605,983,307.838250254323
"129",50525,136425,3455,39.4862518089725
"130",50529,12760,707,18.048090523338
"131",50530,58313,1223,47.6802943581357
"132",50533,249204,3885,64.1451737451738
"133",50535,19451,944,20.6048728813559
"134",50536,544170,4557,119.414088215932
"135",50540,14929,798,18.7080200501253
"136",50541,19495,890,21.9044943820225
"137",50542,20179,862,23.4095127610209
"138",50543,86254,1458,59.159122085048
"139",50548,591971,5659,104.606997702774
"140",50554,116221,1578,73.6508238276299
"141",50563,132118,2546,51.8923802042419
"142",50569,15996,662,24.1631419939577
"143",50574,176254,2033,86.6965076242007
"144",50575,4718,1170,4.03247863247863
"145",50579,78560,2779,28.2691615689097
"146",50581,21697,952,22.7909663865546
"147",50583,305805,2878,106.256080611536
"148",50585,84300,1152,73.1770833333333
"149",50588,1595214,12810,124.528805620609
"150",50590,47254,920,51.3630434782609
"151",50595,684628,9125,75.0277260273973
"152",50597,124798,1231,101.379366368806
"153",50598,13344,826,16.1549636803874
"154",50601,58058,2375,24.4454736842105
"155",50602,75212,1684,44.6627078384798
"156",50603,5695,662,8.60271903323263
"157",50606,28878,846,34.1347517730496
"158",50613,4943947,43930,112.541475073981
"159",50616,927546,10399,89.1956918934513
"160",50619,40626,2246,18.0881567230632
"161",50621,51340,1563,32.8470889315419
"162",50622,89409,3439,25.9985460889794
"163",50627,246243,3327,74.0135256988278
"164",50628,75488,1346,56.0832095096582
"165",50629,52734,2031,25.9645494830133
"166",50630,37597,2067,18.1891630382196
"167",50634,2150,745,2.88590604026846
"168",50635,33860,1706,19.8475967174678
"169",50636,35772,1757,20.3597040409789
"170",50638,192323,3236,59.4323238566131
"171",50641,25351,1879,13.4917509313465
"172",50643,31974,2573,12.4267392149242
"173",50644,776095,8828,87.9128908019937
"174",50648,80854,4599,17.5807784300935
"175",50651,123256,3626,33.992277992278
"176",50658,37382,2371,15.7663433150569
"177",50659,211195,5399,39.117429153547
"178",50662,673146,6911,97.4021125741571
"179",50665,108863,3002,36.263491005996
"180",50667,23165,829,27.9433051869723
"181",50669,34098,2593,13.1500192826842
"182",50674,90649,3666,24.7269503546099
"183",50675,95442,2381,40.0848383032339
"184",50676,186465,2182,85.4560036663611
"185",50677,1378148,12078,114.103990726942
"186",50680,18058,1357,13.30729550479
"187",50682,71166,1745,40.7828080229226
"188",50701,2277325,30231,75.3307862789851
"189",50702,4014593,20210,198.64388916378
"190",50703,3339278,19200,173.920729166667
"191",50707,533759,8648,61.720513413506
"192",50801,887090,9612,92.2898460258011
"193",50830,31999,1749,18.2955974842767
"194",50833,59589,2259,26.3784860557769
"195",50841,179649,2659,67.5626175253855
"196",50846,54523,1054,51.7296015180266
"197",50849,135140,2556,52.8716744913928
"198",50851,45255,1987,22.775541016608
"199",50854,139272,2427,57.3844252163164
"200",50864,10869,1950,5.57384615384615
"201",51001,31070,2397,12.9620358781811
"202",51002,8486,2877,2.94960027806743
"203",51003,78063,1746,44.7096219931272
"204",51004,103419,1114,92.8357271095153
"205",51005,8467,1365,6.2029304029304
"206",51012,668894,6335,105.587056037885
"207",51023,124931,3157,39.5726955970858
"208",51025,240057,2008,119.550298804781
"209",51027,16087,1144,14.0620629370629
"210",51028,65155,2069,31.4910584823586
"211",51031,1297765,12130,106.988046166529
"212",51034,229663,1852,124.008099352052
"213",51035,34453,1381,24.9478638667632
"214",51038,6421,1577,4.0716550412175
"215",51040,286070,3531,81.0167091475503
"216",51041,399051,7593,52.5551165547215
"217",51046,83760,1690,49.5621301775148
"218",51050,120063,2604,46.1071428571429
"219",51053,8658,1094,7.91407678244973
"220",51054,188072,5428,34.6484893146647
"221",51055,71071,1578,45.0386565272497
"222",51058,40862,903,45.2513842746401
"223",51061,375,726,0.516528925619835
"224",51101,505121,826,611.526634382567
"225",51103,1935660,17688,109.433514246947
"226",51104,1191041,22223,53.5949691760788
"227",51105,974360,10333,94.2959450304849
"228",51106,3361459,26012,129.227241273258
"229",51108,706569,5931,119.131512392514
"230",51109,110357,3107,35.5188284518828
"231",51201,799090,6020,132.739202657807
"232",51230,153,468,0.326923076923077
"233",51237,37787,1563,24.1759436980166
"234",51238,9148,1132,8.08127208480565
"235",51240,103173,2180,47.3270642201835
"236",51241,216005,1658,130.280458383595
"237",51245,91431,1239,73.7941888619855
"238",51246,316325,3385,93.4490398818316
"239",51247,128708,5223,24.6425426000383
"240",51248,65609,1782,36.817620650954
"241",51249,233323,3297,70.7682741886563
"242",51250,662400,8391,78.9417232749374
"243",51301,1448957,12778,113.394662701518
"244",51331,403051,1023,393.989247311828
"245",51334,563186,7197,78.2528831457552
"246",51338,8007,974,8.22073921971253
"247",51342,31845,1200,26.5375
"248",51346,142642,2352,60.6471088435374
"249",51347,30636,1443,21.2307692307692
"250",51351,1161633,4581,253.576293385724
"251",51355,29233,843,34.6773428232503
"252",51358,33856,1103,30.6944696282865
"253",51360,2139653,8346,256.368679606997
"254",51401,2039061,11900,171.349663865546
"255",51442,1117922,9908,112.830238191361
"256",51443,28285,1905,14.8477690288714
"257",51445,235474,2786,84.5204594400574
"258",51449,115107,2126,54.1425211665099
"259",51450,184162,1393,132.205312275664
"260",51453,3527,751,4.69640479360852
"261",51455,96680,2217,43.6084799278304
"262",51461,102784,1026,100.179337231969
"263",51462,20794,1005,20.6905472636816
"264",51463,216,657,0.328767123287671
"265",51466,10416,1096,9.5036496350365
"266",51501,5175021,34774,148.818686374878
"267",51503,3543163,37603,94.2255405153844
"268",51510,76234,3765,20.2480743691899
"269",51521,344311,1882,182.949521785335
"270",51526,10620,1406,7.55334281650071
"271",51529,123587,1833,67.4233496999454
"272",51534,315366,9430,33.4428419936373
"273",51535,10945,1910,5.7303664921466
"274",51537,741809,6658,111.416191048363
"275",51546,66729,2774,24.0551550108147
"276",51551,30048,1642,18.299634591961
"277",51553,6133,1074,5.71042830540037
"278",51555,207186,5113,40.5214159984354
"279",51559,42487,1642,25.8751522533496
"280",51560,106661,2307,46.233636757694
"281",51561,95733,1288,74.3268633540373
"282",51566,577897,6497,88.9482838233031
"283",51570,1350,998,1.35270541082164
"284",51573,1160,1175,0.987234042553191
"285",51575,25501,1670,15.2700598802395
"286",51577,34582,1210,28.5801652892562
"287",51579,57198,2395,23.882254697286
"288",51601,743835,5938,125.266924890536
"289",51632,401558,7168,56.0209263392857
"290",51640,20466,1552,13.1868556701031
"291",51653,4588,1585,2.89463722397476
"292",52001,4155490,43821,94.8287350813537
"293",52002,1640908,15877,103.351262833029
"294",52003,1520834,13450,113.073159851301
"295",52031,275575,5368,51.3366244411326
"296",52033,131650,2961,44.4613306315434
"297",52035,11777,1190,9.89663865546219
"298",52037,11239,1118,10.0527728085868
"299",52040,442772,5749,77.0172203861541
"300",52042,43193,1515,28.5102310231023
"301",52043,43094,2209,19.5083748302399
"302",52046,29061,2149,13.523033969288
"303",52049,6620,1492,4.43699731903485
"304",52052,243653,3099,78.6231042271701
"305",52053,83457,1033,80.7909002904163
"306",52057,860886,7555,113.949172733289
"307",52060,829789,8459,98.095401347677
"308",52068,32478,4403,7.37633431751079
"309",52069,10143,1637,6.19609040928528
"310",52076,62209,2331,26.6876876876877
"311",52079,24733,865,28.593063583815
"312",52101,1181316,13745,85.945143688614
"313",52134,2996,368,8.14130434782609
"314",52136,641780,5931,108.207722137919
"315",52142,87150,1746,49.914089347079
"316",52144,87999,1508,58.354774535809
"317",52146,17293,975,17.7364102564103
"318",52151,104929,1796,58.423719376392
"319",52154,69096,796,86.8040201005025
"320",52157,16884,1656,10.195652173913
"321",52159,160927,2288,70.3352272727273
"322",52161,34626,1536,22.54296875
"323",52162,34262,3375,10.1517037037037
"324",52166,63056,125,504.448
"325",52172,642261,5774,111.23328714929
"326",52175,267066,3582,74.5577889447236
"327",52202,667,1011,0.659742828882295
"328",52205,620676,8685,71.4652849740933
"329",52206,3360,2298,1.4621409921671
"330",52207,28270,449,62.9621380846325
"331",52208,261209,3098,84.3153647514525
"332",52211,112066,2382,47.0470193115029
"333",52213,71366,4019,17.7571535207763
"334",52214,74771,3642,20.5302031850632
"335",52223,2914,1503,1.93878908848969
"336",52224,38410,1852,20.7397408207343
"337",52227,30647,3025,10.1312396694215
"338",52228,10798,3292,3.28007290400972
"339",52233,256050,7038,36.381074168798
"340",52240,8082572,33477,241.436568390238
"341",52241,5146272,20107,255.94429800567
"342",52245,459322,24606,18.6670730716086
"343",52246,990190,22392,44.2207038227939
"344",52248,21500,1874,11.4727854855923
"345",52253,76510,2961,25.839243498818
"346",52254,13371,842,15.8800475059382
"347",52301,287040,3904,73.5245901639344
"348",52302,2106737,39070,53.9221141540824
"349",52306,28108,1661,16.9223359422035
"350",52310,464581,6609,70.2952035103647
"351",52314,2216051,6401,346.203874394626
"352",52316,46971,1637,28.693341478314
"353",52317,1103682,18435,59.8688364524003
"354",52324,54675,1871,29.2223409941208
"355",52327,205329,3221,63.7469729897547
"356",52328,4371,2895,1.50984455958549
"357",52332,82380,2210,37.2760180995475
"358",52333,173260,6629,26.1366721979182
"359",52336,16463,2154,7.64298978644383
"360",52337,15257,718,21.2493036211699
"361",52338,226650,3435,65.9825327510917
"362",52340,69264,2548,27.1836734693878
"363",52342,454974,3342,136.138240574506
"364",52345,34925,1472,23.726222826087
"365",52346,530,1210,0.43801652892562
"366",52347,12112,1614,7.50433705080545
"367",52349,303752,7604,39.9463440294582
"368",52351,10129,1410,7.18368794326241
"369",52352,21135,1668,12.6708633093525
"370",52353,1137692,9551,119.117579311067
"371",52356,84974,2495,34.0577154308617
"372",52358,69530,3638,19.1121495327103
"373",52361,248882,4478,55.5788298347477
"374",52401,2221927,2122,1047.09095193214
"375",52402,8460888,41189,205.416203355265
"376",52403,1133610,22961,49.3711075301598
"377",52404,3603141,38337,93.9859926441819
"378",52405,1858098,25420,73.0959087332809
"379",52411,993837,7456,133.293589055794
"380",52501,2366392,29655,79.797403473276
"381",52531,288395,6073,47.4880619133871
"382",52537,93510,7186,13.012802671862
"383",52544,710531,7346,96.7235230057174
"384",52553,30030,1860,16.1451612903226
"385",52554,17846,1277,13.9749412685983
"386",52556,806978,13433,60.0742946475099
"387",52565,155749,1943,80.1590324240865
"388",52571,55348,1632,33.9142156862745
"389",52577,1185453,15180,78.0930830039526
"390",52590,2764,1234,2.23987034035656
"391",52591,116870,3149,37.1133693235948
"392",52601,2553971,29315,87.1216442094491
"393",52623,5768,2056,2.80544747081712
"394",52625,20303,2568,7.90615264797508
"395",52626,27643,1591,17.3746071653048
"396",52627,1051377,13103,80.2394108219492
"397",52632,1981922,13184,150.327821601942
"398",52637,109155,2409,45.3113325031133
"399",52639,8196,1898,4.31822971548999
"400",52641,1029259,11917,86.3689687001762
"401",52653,95922,3413,28.1048930559625
"402",52655,743008,4606,161.313069908815
"403",52656,214770,2311,92.9337948939853
"404",52722,5006320,36393,137.56271810513
"405",52726,75133,5300,14.1760377358491
"406",52728,33458,1093,30.6111619396157
"407",52730,87183,4888,17.8361292962357
"408",52732,2601832,27424,94.8742707117853
"409",52738,130085,3789,34.3322776458168
"410",52742,271795,7778,34.944073026485
"411",52747,69461,2233,31.1065830721003
"412",52748,424970,10235,41.5212506106497
"413",52751,37275,924,40.3409090909091
"414",52753,495528,5505,90.0141689373297
"415",52761,2621441,30273,86.5933670267235
"416",52768,16312,1440,11.3277777777778
"417",52772,299399,4791,62.491964099353
"418",52776,168690,4701,35.8838544990428
"419",52777,10657,1323,8.0551776266062
"420",52778,77522,4374,17.7233653406493
"421",52801,5646,1015,5.56256157635468
"422",52802,953931,10520,90.6778517110266
"423",52803,816777,22676,36.0194478744047
"424",52804,4146021,27007,153.516532750768
"425",52806,1632335,28498,57.278931854867
"426",52807,5697018,15054,378.43882024711
"427",50001,NA,575,NA
"428",50005,NA,1007,NA
"429",50007,NA,595,NA
"430",50008,NA,978,NA
"431",50011,NA,1587,NA
"432",50012,NA,4743,NA
"433",50026,NA,612,NA
"434",50027,NA,312,NA
"435",50029,NA,651,NA
"436",50032,NA,104,NA
"437",50034,NA,365,NA
"438",50038,NA,72,NA
"439",50039,NA,319,NA
"440",50041,NA,53,NA
"441",50042,NA,267,NA
"442",50050,NA,706,NA
"443",50051,NA,361,NA
"444",50052,NA,166,NA
"445",50055,NA,917,NA
"446",50057,NA,256,NA
"447",50062,NA,677,NA
"448",50063,NA,2734,NA
"449",50064,NA,122,NA
"450",50065,NA,620,NA
"451",50066,NA,299,NA
"452",50067,NA,225,NA
"453",50068,NA,272,NA
"454",50070,NA,1567,NA
"455",50073,NA,1120,NA
"456",50074,NA,432,NA
"457",50078,NA,137,NA
"458",50101,NA,78,NA
"459",50102,NA,99,NA
"460",50103,NA,399,NA
"461",50104,NA,105,NA
"462",50105,NA,1219,NA
"463",50106,NA,1065,NA
"464",50108,NA,385,NA
"465",50116,NA,313,NA
"466",50117,NA,78,NA
"467",50118,NA,1027,NA
"468",50119,NA,518,NA
"469",50120,NA,318,NA
"470",50127,NA,18,NA
"471",50128,NA,387,NA
"472",50132,NA,235,NA
"473",50133,NA,403,NA
"474",50134,NA,701,NA
"475",50136,NA,422,NA
"476",50139,NA,1535,NA
"477",50141,NA,626,NA
"478",50143,NA,647,NA
"479",50146,NA,385,NA
"480",50147,NA,380,NA
"481",50148,NA,397,NA
"482",50149,NA,922,NA
"483",50151,NA,555,NA
"484",50153,NA,836,NA
"485",50154,NA,418,NA
"486",50155,NA,292,NA
"487",50157,NA,942,NA
"488",50164,NA,554,NA
"489",50165,NA,113,NA
"490",50166,NA,1630,NA
"491",50167,NA,497,NA
"492",50168,NA,644,NA
"493",50173,NA,820,NA
"494",50206,NA,558,NA
"495",50214,NA,874,NA
"496",50217,NA,612,NA
"497",50218,NA,155,NA
"498",50222,NA,553,NA
"499",50223,NA,542,NA
"500",50227,NA,32,NA
"501",50229,NA,755,NA
"502",50230,NA,1059,NA
"503",50231,NA,188,NA
"504",50232,NA,474,NA
"505",50233,NA,1355,NA
"506",50234,NA,588,NA
"507",50235,NA,384,NA
"508",50236,NA,1606,NA
"509",50238,NA,1303,NA
"510",50239,NA,159,NA
"511",50242,NA,520,NA
"512",50243,NA,187,NA
"513",50246,NA,667,NA
"514",50252,NA,280,NA
"515",50254,NA,286,NA
"516",50255,NA,75,NA
"517",50256,NA,528,NA
"518",50257,NA,1037,NA
"519",50258,NA,1023,NA
"520",50262,NA,442,NA
"521",50264,NA,486,NA
"522",50268,NA,990,NA
"523",50271,NA,646,NA
"524",50272,NA,113,NA
"525",50274,NA,343,NA
"526",50275,NA,576,NA
"527",50277,NA,475,NA
"528",50278,NA,801,NA
"529",50319,NA,0,NA
"530",50420,NA,366,NA
"531",50426,NA,24,NA
"532",50431,NA,205,NA
"533",50432,NA,202,NA
"534",50433,NA,174,NA
"535",50434,NA,389,NA
"536",50439,NA,322,NA
"537",50440,NA,662,NA
"538",50444,NA,373,NA
"539",50446,NA,539,NA
"540",50447,NA,1199,NA
"541",50448,NA,847,NA
"542",50449,NA,698,NA
"543",50451,NA,449,NA
"544",50453,NA,576,NA
"545",50454,NA,68,NA
"546",50455,NA,648,NA
"547",50457,NA,308,NA
"548",50460,NA,383,NA
"549",50464,NA,498,NA
"550",50465,NA,279,NA
"551",50467,NA,73,NA
"552",50468,NA,1481,NA
"553",50470,NA,191,NA
"554",50471,NA,704,NA
"555",50473,NA,254,NA
"556",50476,NA,800,NA
"557",50477,NA,320,NA
"558",50478,NA,867,NA
"559",50479,NA,574,NA
"560",50480,NA,926,NA
"561",50482,NA,871,NA
"562",50484,NA,414,NA
"563",50515,NA,238,NA
"564",50516,NA,602,NA
"565",50518,NA,447,NA
"566",50519,NA,696,NA
"567",50520,NA,80,NA
"568",50521,NA,245,NA
"569",50522,NA,813,NA
"570",50523,NA,779,NA
"571",50524,NA,562,NA
"572",50527,NA,246,NA
"573",50528,NA,329,NA
"574",50531,NA,239,NA
"575",50532,NA,1000,NA
"576",50538,NA,499,NA
"577",50539,NA,623,NA
"578",50544,NA,423,NA
"579",50545,NA,251,NA
"580",50546,NA,293,NA
"581",50551,NA,168,NA
"582",50556,NA,281,NA
"583",50557,NA,785,NA
"584",50558,NA,761,NA
"585",50559,NA,334,NA
"586",50560,NA,563,NA
"587",50561,NA,367,NA
"588",50562,NA,471,NA
"589",50565,NA,479,NA
"590",50566,NA,441,NA
"591",50567,NA,295,NA
"592",50568,NA,1656,NA
"593",50570,NA,199,NA
"594",50571,NA,434,NA
"595",50573,NA,51,NA
"596",50576,NA,360,NA
"597",50577,NA,412,NA
"598",50578,NA,663,NA
"599",50582,NA,242,NA
"600",50586,NA,275,NA
"601",50591,NA,311,NA
"602",50593,NA,77,NA
"603",50594,NA,177,NA
"604",50599,NA,369,NA
"605",50604,NA,1698,NA
"606",50605,NA,157,NA
"607",50607,NA,693,NA
"608",50609,NA,469,NA
"609",50611,NA,433,NA
"610",50612,NA,317,NA
"611",50620,NA,42,NA
"612",50624,NA,1634,NA
"613",50625,NA,1150,NA
"614",50626,NA,1873,NA
"615",50632,NA,977,NA
"616",50633,NA,350,NA
"617",50642,NA,547,NA
"618",50645,NA,929,NA
"619",50647,NA,1664,NA
"620",50650,NA,639,NA
"621",50652,NA,91,NA
"622",50653,NA,626,NA
"623",50654,NA,379,NA
"624",50655,NA,740,NA
"625",50660,NA,1330,NA
"626",50664,NA,65,NA
"627",50666,NA,1128,NA
"628",50668,NA,1265,NA
"629",50670,NA,2339,NA
"630",50671,NA,173,NA
"631",50672,NA,513,NA
"632",50673,NA,162,NA
"633",50681,NA,397,NA
"634",50835,NA,117,NA
"635",50836,NA,337,NA
"636",50837,NA,254,NA
"637",50839,NA,37,NA
"638",50840,NA,561,NA
"639",50842,NA,100,NA
"640",50843,NA,658,NA
"641",50845,NA,842,NA
"642",50847,NA,100,NA
"643",50848,NA,416,NA
"644",50853,NA,681,NA
"645",50857,NA,215,NA
"646",50858,NA,726,NA
"647",50859,NA,660,NA
"648",50860,NA,392,NA
"649",50861,NA,249,NA
"650",50862,NA,167,NA
"651",50863,NA,308,NA
"652",51006,NA,1012,NA
"653",51007,NA,599,NA
"654",51008,NA,105,NA
"655",51009,NA,187,NA
"656",51010,NA,365,NA
"657",51011,NA,82,NA
"658",51014,NA,490,NA
"659",51016,NA,1290,NA
"660",51018,NA,424,NA
"661",51019,NA,868,NA
"662",51020,NA,682,NA
"663",51022,NA,794,NA
"664",51024,NA,1907,NA
"665",51026,NA,825,NA
"666",51029,NA,356,NA
"667",51030,NA,1537,NA
"668",51033,NA,326,NA
"669",51036,NA,755,NA
"670",51037,NA,520,NA
"671",51039,NA,2528,NA
"672",51044,NA,203,NA
"673",51047,NA,645,NA
"674",51048,NA,634,NA
"675",51049,NA,505,NA
"676",51051,NA,119,NA
"677",51052,NA,837,NA
"678",51056,NA,411,NA
"679",51060,NA,575,NA
"680",51062,NA,552,NA
"681",51063,NA,1220,NA
"682",51111,NA,168,NA
"683",51231,NA,398,NA
"684",51232,NA,663,NA
"685",51234,NA,1171,NA
"686",51235,NA,1235,NA
"687",51239,NA,3244,NA
"688",51242,NA,224,NA
"689",51243,NA,973,NA
"690",51244,NA,67,NA
"691",51333,NA,497,NA
"692",51341,NA,35,NA
"693",51343,NA,333,NA
"694",51345,NA,419,NA
"695",51350,NA,621,NA
"696",51354,NA,1028,NA
"697",51357,NA,589,NA
"698",51363,NA,168,NA
"699",51364,NA,653,NA
"700",51365,NA,382,NA
"701",51366,NA,343,NA
"702",51430,NA,849,NA
"703",51431,NA,441,NA
"704",51433,NA,520,NA
"705",51436,NA,790,NA
"706",51439,NA,1095,NA
"707",51440,NA,372,NA
"708",51441,NA,448,NA
"709",51444,NA,243,NA
"710",51446,NA,513,NA
"711",51447,NA,187,NA
"712",51448,NA,484,NA
"713",51451,NA,133,NA
"714",51454,NA,1616,NA
"715",51458,NA,1476,NA
"716",51459,NA,72,NA
"717",51465,NA,766,NA
"718",51467,NA,661,NA
"719",51520,NA,183,NA
"720",51523,NA,375,NA
"721",51525,NA,1209,NA
"722",51527,NA,454,NA
"723",51528,NA,750,NA
"724",51530,NA,837,NA
"725",51531,NA,710,NA
"726",51532,NA,779,NA
"727",51533,NA,909,NA
"728",51536,NA,399,NA
"729",51540,NA,444,NA
"730",51541,NA,285,NA
"731",51542,NA,1109,NA
"732",51543,NA,543,NA
"733",51544,NA,827,NA
"734",51545,NA,301,NA
"735",51548,NA,365,NA
"736",51549,NA,401,NA
"737",51550,NA,151,NA
"738",51552,NA,245,NA
"739",51554,NA,130,NA
"740",51556,NA,430,NA
"741",51557,NA,803,NA
"742",51558,NA,430,NA
"743",51562,NA,435,NA
"744",51563,NA,632,NA
"745",51564,NA,399,NA
"746",51565,NA,514,NA
"747",51571,NA,611,NA
"748",51572,NA,437,NA
"749",51576,NA,1984,NA
"750",51578,NA,101,NA
"751",51630,NA,200,NA
"752",51631,NA,266,NA
"753",51636,NA,437,NA
"754",51637,NA,194,NA
"755",51638,NA,1301,NA
"756",51639,NA,719,NA
"757",51645,NA,296,NA
"758",51646,NA,656,NA
"759",51647,NA,92,NA
"760",51648,NA,210,NA
"761",51649,NA,277,NA
"762",51650,NA,355,NA
"763",51652,NA,1573,NA
"764",51654,NA,470,NA
"765",51656,NA,59,NA
"766",52030,NA,519,NA
"767",52032,NA,1430,NA
"768",52038,NA,586,NA
"769",52039,NA,1115,NA
"770",52041,NA,1683,NA
"771",52044,NA,136,NA
"772",52045,NA,2599,NA
"773",52047,NA,603,NA
"774",52048,NA,415,NA
"775",52050,NA,712,NA
"776",52054,NA,821,NA
"777",52064,NA,947,NA
"778",52065,NA,1097,NA
"779",52066,NA,70,NA
"780",52070,NA,890,NA
"781",52072,NA,221,NA
"782",52073,NA,1285,NA
"783",52074,NA,395,NA
"784",52077,NA,424,NA
"785",52078,NA,856,NA
"786",52132,NA,1774,NA
"787",52133,NA,604,NA
"788",52135,NA,731,NA
"789",52140,NA,558,NA
"790",52141,NA,1582,NA
"791",52147,NA,1154,NA
"792",52155,NA,1205,NA
"793",52156,NA,686,NA
"794",52158,NA,257,NA
"795",52160,NA,1207,NA
"796",52163,NA,244,NA
"797",52164,NA,252,NA
"798",52165,NA,753,NA
"799",52168,NA,255,NA
"800",52169,NA,382,NA
"801",52170,NA,533,NA
"802",52171,NA,984,NA
"803",52201,NA,1306,NA
"804",52203,NA,1733,NA
"805",52209,NA,1271,NA
"806",52210,NA,656,NA
"807",52212,NA,180,NA
"808",52215,NA,650,NA
"809",52216,NA,1536,NA
"810",52217,NA,523,NA
"811",52218,NA,1855,NA
"812",52219,NA,184,NA
"813",52220,NA,375,NA
"814",52221,NA,218,NA
"815",52222,NA,591,NA
"816",52225,NA,318,NA
"817",52229,NA,801,NA
"818",52231,NA,232,NA
"819",52232,NA,179,NA
"820",52235,NA,730,NA
"821",52236,NA,771,NA
"822",52237,NA,1482,NA
"823",52242,NA,1729,NA
"824",52247,NA,6129,NA
"825",52249,NA,1052,NA
"826",52251,NA,633,NA
"827",52255,NA,1338,NA
"828",52257,NA,273,NA
"829",52305,NA,569,NA
"830",52307,NA,78,NA
"831",52308,NA,133,NA
"832",52309,NA,460,NA
"833",52312,NA,128,NA
"834",52313,NA,352,NA
"835",52315,NA,1208,NA
"836",52318,NA,802,NA
"837",52320,NA,1166,NA
"838",52321,NA,523,NA
"839",52322,NA,2718,NA
"840",52323,NA,918,NA
"841",52325,NA,864,NA
"842",52326,NA,473,NA
"843",52329,NA,898,NA
"844",52330,NA,841,NA
"845",52334,NA,176,NA
"846",52335,NA,644,NA
"847",52339,NA,4422,NA
"848",52341,NA,923,NA
"849",52348,NA,70,NA
"850",52354,NA,345,NA
"851",52355,NA,325,NA
"852",52359,NA,281,NA
"853",52362,NA,879,NA
"854",52530,NA,907,NA
"855",52533,NA,1644,NA
"856",52534,NA,272,NA
"857",52535,NA,1034,NA
"858",52536,NA,1068,NA
"859",52540,NA,1271,NA
"860",52542,NA,541,NA
"861",52543,NA,392,NA
"862",52548,NA,97,NA
"863",52549,NA,791,NA
"864",52550,NA,391,NA
"865",52551,NA,426,NA
"866",52552,NA,839,NA
"867",52555,NA,357,NA
"868",52557,NA,82,NA
"869",52560,NA,534,NA
"870",52561,NA,989,NA
"871",52563,NA,1548,NA
"872",52566,NA,179,NA
"873",52567,NA,782,NA
"874",52569,NA,579,NA
"875",52570,NA,924,NA
"876",52572,NA,1179,NA
"877",52573,NA,80,NA
"878",52574,NA,762,NA
"879",52576,NA,488,NA
"880",52580,NA,499,NA
"881",52581,NA,330,NA
"882",52583,NA,194,NA
"883",52584,NA,484,NA
"884",52585,NA,975,NA
"885",52586,NA,371,NA
"886",52588,NA,29,NA
"887",52593,NA,113,NA
"888",52594,NA,384,NA
"889",52595,NA,482,NA
"890",52619,NA,597,NA
"891",52620,NA,799,NA
"892",52621,NA,588,NA
"893",52624,NA,194,NA
"894",52630,NA,456,NA
"895",52635,NA,762,NA
"896",52638,NA,592,NA
"897",52640,NA,1511,NA
"898",52644,NA,324,NA
"899",52645,NA,3304,NA
"900",52646,NA,379,NA
"901",52647,NA,197,NA
"902",52649,NA,933,NA
"903",52650,NA,805,NA
"904",52651,NA,695,NA
"905",52654,NA,1557,NA
"906",52657,NA,73,NA
"907",52658,NA,788,NA
"908",52659,NA,1560,NA
"909",52660,NA,171,NA
"910",52701,NA,113,NA
"911",52720,NA,940,NA
"912",52721,NA,689,NA
"913",52727,NA,239,NA
"914",52729,NA,873,NA
"915",52731,NA,898,NA
"916",52737,NA,445,NA
"917",52739,NA,796,NA
"918",52745,NA,634,NA
"919",52746,NA,869,NA
"920",52749,NA,1164,NA
"921",52750,NA,621,NA
"922",52752,NA,449,NA
"923",52754,NA,1374,NA
"924",52755,NA,2037,NA
"925",52756,NA,2068,NA
"926",52757,NA,203,NA
"927",52758,NA,189,NA
"928",52760,NA,358,NA
"929",52765,NA,418,NA
"930",52766,NA,957,NA
"931",52767,NA,169,NA
"932",52769,NA,656,NA
"933",52773,NA,2046,NA
"934",52774,NA,119,NA
"935",56027,NA,872,NA
"936",56121,NA,617,NA
"937",56168,NA,820,NA
